frame,ball_x,ball_y,ball_available,ball_zone,possession_player,possession_team,possessor_x,possessor_y,possessor_team,possessor_zone,event_type,previous_possession_player,previous_possession_team,possession_change,team_change,team_a_possession,team_b_possession,pass_event,pass_from_player,pass_to_player,pass_from_team,pass_to_team,pass_confidence
0,,,False,UNKNOWN,,,,,,UNKNOWN,NO_POSSESSION,,,False,False,False,False,False,,,,,
1,2.49,343.86,True,MID_LEFT,,,,,,UNKNOWN,NO_POSSESSION,,,False,False,False,False,False,,,,,
2,16.22,339.71,True,MID_LEFT,,,,,,UNKNOWN,NO_POSSESSION,,,False,False,False,False,False,,,,,
3,0.48,344.28,True,MID_LEFT,,,,,,UNKNOWN,NO_POSSESSION,,,False,False,False,False,False,,,,,
4,3.19,345.7,True,MID_LEFT,,,,,,UNKNOWN,NO_POSSESSION,,,False,False,False,False,False,,,,,
5,20.25,344.44,True,MID_LEFT,,,,,,UNKNOWN,NO_POSSESSION,,,False,False,False,False,False,,,,,
6,16.49,348.71,True,MID_LEFT,,,,,,UNKNOWN,NO_POSSESSION,,,False,False,False,False,False,,,,,
7,11.65,349.24,True,MID_LEFT,,,,,,UNKNOWN,NO_POSSESSION,,,False,False,False,False,False,,,,,
8,20.31,354.12,True,MID_LEFT,,,,,,UNKNOWN,NO_POSSESSION,,,False,False,False,False,False,,,,,
9,22.33,355.55,True,MID_LEFT,,,,,,UNKNOWN,NO_POSSESSION,,,False,False,False,False,False,,,,,
10,25.31,356.51,True,MID_LEFT,,,,,,UNKNOWN,NO_POSSESSION,,,False,False,False,False,False,,,,,
11,30.72,357.02,True,MID_LEFT,,,,,,UNKNOWN,NO_POSSESSION,,,False,False,False,False,False,,,,,
12,19.59,361.84,True,MID_LEFT,,,,,,UNKNOWN,NO_POSSESSION,,,False,False,False,False,False,,,,,
13,24.30666666666667,363.8933333333333,True,MID_LEFT,,,,,,UNKNOWN,NO_POSSESSION,,,False,False,False,False,False,,,,,
14,29.023333333333333,365.94666666666666,True,MID_LEFT,,,,,,UNKNOWN,NO_POSSESSION,,,False,False,False,False,False,,,,,
15,33.74,368.0,True,MID_LEFT,,,,,,UNKNOWN,NO_POSSESSION,,,False,False,False,False,False,,,,,
16,54.83,363.42,True,MID_LEFT,,,,,,UNKNOWN,NO_POSSESSION,,,False,False,False,False,False,,,,,
17,62.88,368.31,True,MID_LEFT,,,,,,UNKNOWN,NO_POSSESSION,,,False,False,False,False,False,,,,,
18,68.55,374.24,True,MID_LEFT,,,,,,UNKNOWN,NO_POSSESSION,,,False,False,False,False,False,,,,,
19,75.75,382.3,True,MID_LEFT,,,,,,UNKNOWN,NO_POSSESSION,,,False,False,False,False,False,,,,,
20,82.89,394.49,True,MID_LEFT,,,,,,UNKNOWN,NO_POSSESSION,,,False,False,False,False,False,,,,,
21,87.11,409.21,True,MID_LEFT,,,,,,UNKNOWN,NO_POSSESSION,,,False,False,False,False,False,,,,,
22,82.61,383.62,True,MID_LEFT,,,,,,UNKNOWN,NO_POSSESSION,,,False,False,False,False,False,,,,,
23,92.48,429.4,True,MID_LEFT,,,,,,UNKNOWN,NO_POSSESSION,,,False,False,False,False,False,,,,,
24,90.63,419.95,True,MID_LEFT,,,,,,UNKNOWN,NO_POSSESSION,,,False,False,False,False,False,,,,,
25,84.74,414.4,True,MID_LEFT,,,,,,UNKNOWN,NO_POSSESSION,,,False,False,False,False,False,,,,,
26,82.15,406.24,True,MID_LEFT,,,,,,UNKNOWN,NO_POSSESSION,,,False,False,False,False,False,,,,,
27,82.74,399.3,True,MID_LEFT,,,,,,UNKNOWN,NO_POSSESSION,,,False,False,False,False,False,,,,,
28,82.36,392.31,True,MID_LEFT,,,,,,UNKNOWN,NO_POSSESSION,,,False,False,False,False,False,,,,,
29,77.78,391.37,True,MID_LEFT,,,,,,UNKNOWN,NO_POSSESSION,,,False,False,False,False,False,,,,,
30,79.59,389.66,True,MID_LEFT,,,,,,UNKNOWN,NO_POSSESSION,,,False,False,False,False,False,,,,,
31,77.85,386.16,True,MID_LEFT,,,,,,UNKNOWN,NO_POSSESSION,,,False,False,False,False,False,,,,,
32,78.6,383.68,True,MID_LEFT,,,,,,UNKNOWN,NO_POSSESSION,,,False,False,False,False,False,,,,,
33,85.91,382.42,True,MID_LEFT,,,,,,UNKNOWN,NO_POSSESSION,,,False,False,False,False,False,,,,,
34,109.52,406.65,True,MID_LEFT,,,,,,UNKNOWN,NO_POSSESSION,,,False,False,False,False,False,,,,,
35,149.81,397.76,True,MID_LEFT,,,,,,UNKNOWN,NO_POSSESSION,,,False,False,False,False,False,,,,,
36,145.8875,384.04,True,MID_LEFT,,,,,,UNKNOWN,NO_POSSESSION,,,False,False,False,False,False,,,,,
37,141.965,370.32,True,MID_LEFT,,,,,,UNKNOWN,NO_POSSESSION,,,False,False,False,False,False,,,,,
38,138.04250000000002,356.6,True,MID_LEFT,,,,,,UNKNOWN,NO_POSSESSION,,,False,False,False,False,False,,,,,
39,134.12,342.88,True,MID_LEFT,,,,,,UNKNOWN,NO_POSSESSION,,,False,False,False,False,False,,,,,
40,130.1975,329.15999999999997,True,MID_LEFT,,,,,,UNKNOWN,NO_POSSESSION,,,False,False,False,False,False,,,,,
41,126.275,315.44,True,MID_LEFT,,,,,,UNKNOWN,NO_POSSESSION,,,False,False,False,False,False,,,,,
42,122.3525,301.72,True,MID_LEFT,,,,,,UNKNOWN,NO_POSSESSION,,,False,False,False,False,False,,,,,
43,118.43,288.0,True,MID_LEFT,,,,,,UNKNOWN,NO_POSSESSION,,,False,False,False,False,False,,,,,
44,115.74,276.42,True,MID_LEFT,,,,,,UNKNOWN,NO_POSSESSION,,,False,False,False,False,False,,,,,
45,123.61,267.76,True,MID_LEFT,,,,,,UNKNOWN,NO_POSSESSION,,,False,False,False,False,False,,,,,
46,130.1,258.21,True,MID_LEFT,,,,,,UNKNOWN,NO_POSSESSION,,,False,False,False,False,False,,,,,
47,135.12,249.1,True,MID_LEFT,,,,,,UNKNOWN,NO_POSSESSION,,,False,False,False,False,False,,,,,
48,146.95,242.67,True,MID_LEFT,,,,,,UNKNOWN,NO_POSSESSION,,,False,False,False,False,False,,,,,
49,149.3,234.6,True,MID_LEFT,,,,,,UNKNOWN,NO_POSSESSION,,,False,False,False,False,False,,,,,
50,157.77,229.05,True,MID_CENTER,,,,,,UNKNOWN,NO_POSSESSION,,,False,False,False,False,False,,,,,
51,165.28,224.73,True,MID_CENTER,,,,,,UNKNOWN,NO_POSSESSION,,,False,False,False,False,False,,,,,
52,173.585,221.3425,True,MID_CENTER,,,,,,UNKNOWN,NO_POSSESSION,,,False,False,False,False,False,,,,,
53,181.89,217.955,True,TOP_CENTER,,,,,,UNKNOWN,NO_POSSESSION,,,False,False,False,False,False,,,,,
54,190.195,214.5675,True,TOP_CENTER,,,,,,UNKNOWN,NO_POSSESSION,,,False,False,False,False,False,,,,,
55,198.5,211.18,True,TOP_CENTER,,,,,,UNKNOWN,NO_POSSESSION,,,False,False,False,False,False,,,,,
56,205.25666666666663,210.8,True,TOP_CENTER,,,,,,UNKNOWN,NO_POSSESSION,,,False,False,False,False,False,,,,,
57,212.01333333333332,210.42,True,TOP_CENTER,,,,,,UNKNOWN,NO_POSSESSION,,,False,False,False,False,False,,,,,
58,218.77,210.04,True,TOP_CENTER,,,,,,UNKNOWN,NO_POSSESSION,,,False,False,False,False,False,,,,,
59,225.52666666666667,209.66,True,TOP_CENTER,,,,,,UNKNOWN,NO_POSSESSION,,,False,False,False,False,False,,,,,
60,232.28333333333333,209.28,True,TOP_CENTER,,,,,,UNKNOWN,NO_POSSESSION,,,False,False,False,False,False,,,,,
61,239.04,208.9,True,TOP_CENTER,,,,,,UNKNOWN,NO_POSSESSION,,,False,False,False,False,False,,,,,
62,336.03,339.59,True,MID_CENTER,,,,,,UNKNOWN,NO_POSSESSION,,,False,False,False,False,False,,,,,
63,254.86,211.08,True,TOP_CENTER,,,,,,UNKNOWN,NO_POSSESSION,,,False,False,False,False,False,,,,,
64,262.81,215.73,True,TOP_CENTER,,,,,,UNKNOWN,NO_POSSESSION,,,False,False,False,False,False,,,,,
65,281.58,218.72,True,TOP_CENTER,,,,,,UNKNOWN,NO_POSSESSION,,,False,False,False,False,False,,,,,
66,288.8,222.67,True,MID_CENTER,,,,,,UNKNOWN,NO_POSSESSION,,,False,False,False,False,False,,,,,
67,284.27,227.36,True,MID_CENTER,,,,,,UNKNOWN,NO_POSSESSION,,,False,False,False,False,False,,,,,
68,288.62,228.59,True,MID_CENTER,,,,,,UNKNOWN,NO_POSSESSION,,,False,False,False,False,False,,,,,
69,293.83,235.54,True,MID_CENTER,,,,,,UNKNOWN,NO_POSSESSION,,,False,False,False,False,False,,,,,
70,298.25,233.12,True,MID_CENTER,,,,,,UNKNOWN,NO_POSSESSION,,,False,False,False,False,False,,,,,
71,303.23,236.88,True,MID_CENTER,,,,,,UNKNOWN,NO_POSSESSION,,,False,False,False,False,False,,,,,
72,306.95,245.47,True,MID_CENTER,,,,,,UNKNOWN,NO_POSSESSION,,,False,False,False,False,False,,,,,
73,310.14799999999997,255.254,True,MID_CENTER,,,,,,UNKNOWN,NO_POSSESSION,,,False,False,False,False,False,,,,,
74,313.346,265.038,True,MID_CENTER,,,,,,UNKNOWN,NO_POSSESSION,,,False,False,False,False,False,,,,,
75,316.544,274.822,True,MID_CENTER,,,,,,UNKNOWN,NO_POSSESSION,,,False,False,False,False,False,,,,,
76,319.742,284.606,True,MID_CENTER,,,,,,UNKNOWN,NO_POSSESSION,,,False,False,False,False,False,,,,,
77,322.94,294.39,True,MID_CENTER,,,,,,UNKNOWN,NO_POSSESSION,,,False,False,False,False,False,,,,,
78,329.94,300.235,True,MID_CENTER,,,,,,UNKNOWN,NO_POSSESSION,,,False,False,False,False,False,,,,,
79,336.94,306.08,True,MID_CENTER,,,,,,UNKNOWN,NO_POSSESSION,,,False,False,False,False,False,,,,,
80,338.89,308.9,True,MID_CENTER,,,,,,UNKNOWN,NO_POSSESSION,,,False,False,False,False,False,,,,,
81,346.0,307.38,True,MID_CENTER,,,,,,UNKNOWN,NO_POSSESSION,,,False,False,False,False,False,,,,,
82,349.17,310.3,True,MID_CENTER,,,,,,UNKNOWN,NO_POSSESSION,,,False,False,False,False,False,,,,,
83,358.69,311.73,True,MID_CENTER,,,,,,UNKNOWN,NO_POSSESSION,,,False,False,False,False,False,,,,,
84,308.98,269.91,True,MID_CENTER,,,,,,UNKNOWN,NO_POSSESSION,,,False,False,False,False,False,,,,,
85,368.85,315.06,True,MID_CENTER,,,,,,UNKNOWN,NO_POSSESSION,,,False,False,False,False,False,,,,,
86,376.05,306.75,True,MID_CENTER,,,,,,UNKNOWN,NO_POSSESSION,,,False,False,False,False,False,,,,,
87,285.68,273.65,True,MID_CENTER,,,,,,UNKNOWN,NO_POSSESSION,,,False,False,False,False,False,,,,,
88,195.31,240.55,True,MID_CENTER,,,,,,UNKNOWN,NO_POSSESSION,,,False,False,False,False,False,,,,,
89,194.74,263.54,True,MID_CENTER,,,,,,UNKNOWN,NO_POSSESSION,,,False,False,False,False,False,,,,,
90,368.33,336.95,True,MID_CENTER,,,,,,UNKNOWN,NO_POSSESSION,,,False,False,False,False,False,,,,,
91,377.375,290.89,True,MID_CENTER,,,,,,UNKNOWN,NO_POSSESSION,,,False,False,False,False,False,,,,,
92,386.42,244.83,True,MID_CENTER,,,,,,UNKNOWN,NO_POSSESSION,,,False,False,False,False,False,,,,,
93,391.48,239.25,True,MID_CENTER,,,,,,UNKNOWN,NO_POSSESSION,,,False,False,False,False,False,,,,,
94,396.54,233.67,True,MID_CENTER,,,,,,UNKNOWN,NO_POSSESSION,,,False,False,False,False,False,,,,,
95,400.53,225.23,True,MID_CENTER,,,,,,UNKNOWN,NO_POSSESSION,,,False,False,False,False,False,,,,,
96,400.65,224.23,True,MID_CENTER,,,,,,UNKNOWN,NO_POSSESSION,,,False,False,False,False,False,,,,,
97,405.05,220.07,True,MID_CENTER,,,,,,UNKNOWN,NO_POSSESSION,,,False,False,False,False,False,,,,,
98,406.72,216.07,True,TOP_CENTER,,,,,,UNKNOWN,NO_POSSESSION,,,False,False,False,False,False,,,,,
99,412.22,211.05,True,TOP_CENTER,,,,,,UNKNOWN,NO_POSSESSION,,,False,False,False,False,False,,,,,
100,415.89,206.4,True,TOP_CENTER,,,,,,UNKNOWN,NO_POSSESSION,,,False,False,False,False,False,,,,,
101,415.37,204.76,True,TOP_CENTER,,,,,,UNKNOWN,NO_POSSESSION,,,False,False,False,False,False,,,,,
102,419.4,199.69,True,TOP_CENTER,,,,,,UNKNOWN,NO_POSSESSION,,,False,False,False,False,False,,,,,
103,418.17,195.29,True,TOP_CENTER,,,,,,UNKNOWN,NO_POSSESSION,,,False,False,False,False,False,,,,,
104,415.885,263.655,True,MID_CENTER,,,,,,UNKNOWN,NO_POSSESSION,,,False,False,False,False,False,,,,,
105,413.6,332.02,True,MID_CENTER,,,,,,UNKNOWN,NO_POSSESSION,,,False,False,False,False,False,,,,,
106,423.33,184.64,True,TOP_CENTER,,,,,,UNKNOWN,NO_POSSESSION,,,False,False,False,False,False,,,,,
107,425.22,181.87,True,TOP_CENTER,,,,,,UNKNOWN,NO_POSSESSION,,,False,False,False,False,False,,,,,
108,425.27,180.14,True,TOP_CENTER,,,,,,UNKNOWN,NO_POSSESSION,,,False,False,False,False,False,,,,,
109,426.85,179.29,True,TOP_CENTER,,,,,,UNKNOWN,NO_POSSESSION,,,False,False,False,False,False,,,,,
110,428.11,177.37,True,TOP_CENTER,,,,,,UNKNOWN,NO_POSSESSION,,,False,False,False,False,False,,,,,
111,429.12,177.99,True,TOP_CENTER,,,,,,UNKNOWN,NO_POSSESSION,,,False,False,False,False,False,,,,,
112,430.09,179.07,True,TOP_CENTER,,,,,,UNKNOWN,NO_POSSESSION,,,False,False,False,False,False,,,,,
113,431.89,182.19,True,TOP_CENTER,,,,,,UNKNOWN,NO_POSSESSION,,,False,False,False,False,False,,,,,
114,434.96,184.8,True,TOP_CENTER,,,,,,UNKNOWN,NO_POSSESSION,,,False,False,False,False,False,,,,,
115,433.82,185.41,True,TOP_CENTER,,,,,,UNKNOWN,NO_POSSESSION,,,False,False,False,False,False,,,,,
116,432.04,187.57,True,TOP_CENTER,,,,,,UNKNOWN,NO_POSSESSION,,,False,False,False,False,False,,,,,
117,429.13,187.86,True,TOP_CENTER,,,,,,UNKNOWN,NO_POSSESSION,,,False,False,False,False,False,,,,,
118,430.51,188.51,True,TOP_CENTER,,,,,,UNKNOWN,NO_POSSESSION,,,False,False,False,False,False,,,,,
119,430.62,188.55,True,TOP_CENTER,,,,,,UNKNOWN,NO_POSSESSION,,,False,False,False,False,False,,,,,
120,431.16,187.6,True,TOP_CENTER,,,,,,UNKNOWN,NO_POSSESSION,,,False,False,False,False,False,,,,,
121,434.9,186.81,True,TOP_CENTER,,,,,,UNKNOWN,NO_POSSESSION,,,False,False,False,False,False,,,,,
122,435.89,186.0,True,TOP_CENTER,,,,,,UNKNOWN,NO_POSSESSION,,,False,False,False,False,False,,,,,
123,436.19,184.58,True,TOP_CENTER,,,,,,UNKNOWN,NO_POSSESSION,,,False,False,False,False,False,,,,,
124,435.2,184.54285714285712,True,TOP_CENTER,,,,,,UNKNOWN,NO_POSSESSION,,,False,False,False,False,False,,,,,
125,434.21,184.5057142857143,True,TOP_CENTER,,,,,,UNKNOWN,NO_POSSESSION,,,False,False,False,False,False,,,,,
126,433.22,184.46857142857144,True,TOP_CENTER,,,,,,UNKNOWN,NO_POSSESSION,,,False,False,False,False,False,,,,,
127,432.23,184.43142857142857,True,TOP_CENTER,,,,,,UNKNOWN,NO_POSSESSION,,,False,False,False,False,False,,,,,
128,431.24,184.3942857142857,True,TOP_CENTER,,,,,,UNKNOWN,NO_POSSESSION,,,False,False,False,False,False,,,,,
129,430.25,184.3571428571429,True,TOP_CENTER,,,,,,UNKNOWN,NO_POSSESSION,,,False,False,False,False,False,,,,,
130,429.26,184.32,True,TOP_CENTER,,,,,,UNKNOWN,NO_POSSESSION,,,False,False,False,False,False,,,,,
131,430.21,186.08,True,TOP_CENTER,,,,,,UNKNOWN,NO_POSSESSION,,,False,False,False,False,False,,,,,
132,430.87,186.01,True,TOP_CENTER,,,,,,UNKNOWN,NO_POSSESSION,,,False,False,False,False,False,,,,,
133,431.0015384615385,188.23461538461535,True,TOP_CENTER,,,,,,UNKNOWN,NO_POSSESSION,,,False,False,False,False,False,,,,,
134,431.13307692307694,190.45923076923077,True,TOP_CENTER,,,,,,UNKNOWN,NO_POSSESSION,,,False,False,False,False,False,,,,,
135,431.2646153846154,192.68384615384616,True,TOP_CENTER,,,,,,UNKNOWN,NO_POSSESSION,,,False,False,False,False,False,,,,,
136,431.3961538461538,194.90846153846152,True,TOP_CENTER,,,,,,UNKNOWN,NO_POSSESSION,,,False,False,False,False,False,,,,,
137,431.5276923076923,197.1330769230769,True,TOP_CENTER,,,,,,UNKNOWN,NO_POSSESSION,,,False,False,False,False,False,,,,,
138,431.6592307692307,199.3576923076923,True,TOP_CENTER,,,,,,UNKNOWN,NO_POSSESSION,,,False,False,False,False,False,,,,,
139,431.7907692307692,201.5823076923077,True,TOP_CENTER,,,,,,UNKNOWN,NO_POSSESSION,,,False,False,False,False,False,,,,,
140,431.9223076923077,203.80692307692308,True,TOP_CENTER,,,,,,UNKNOWN,NO_POSSESSION,,,False,False,False,False,False,,,,,
141,,,False,UNKNOWN,,,,,,UNKNOWN,NO_POSSESSION,,,False,False,False,False,False,,,,,
142,,,False,UNKNOWN,,,,,,UNKNOWN,NO_POSSESSION,,,False,False,False,False,False,,,,,
143,,,False,UNKNOWN,,,,,,UNKNOWN,NO_POSSESSION,,,False,False,False,False,False,,,,,
144,,,False,UNKNOWN,,,,,,UNKNOWN,NO_POSSESSION,,,False,False,False,False,False,,,,,
145,432.58,214.93,True,TOP_CENTER,,,,,,UNKNOWN,NO_POSSESSION,,,False,False,False,False,False,,,,,
146,434.06,217.24,True,TOP_CENTER,,,,,,UNKNOWN,NO_POSSESSION,,,False,False,False,False,False,,,,,
147,436.56,221.13,True,MID_CENTER,,,,,,UNKNOWN,NO_POSSESSION,,,False,False,False,False,False,,,,,
148,437.3,227.97,True,MID_CENTER,,,,,,UNKNOWN,NO_POSSESSION,,,False,False,False,False,False,,,,,
149,437.19,232.13,True,MID_CENTER,,,,,,UNKNOWN,NO_POSSESSION,,,False,False,False,False,False,,,,,
150,438.32,240.57,True,MID_CENTER,,,,,,UNKNOWN,NO_POSSESSION,,,False,False,False,False,False,,,,,
151,437.4,246.86,True,MID_CENTER,,,,,,UNKNOWN,NO_POSSESSION,,,False,False,False,False,False,,,,,
152,440.41,253.09,True,MID_CENTER,,,,,,UNKNOWN,NO_POSSESSION,,,False,False,False,False,False,,,,,
153,442.37,261.465,True,MID_CENTER,,,,,,UNKNOWN,NO_POSSESSION,,,False,False,False,False,False,,,,,
154,444.33,269.84,True,MID_CENTER,,,,,,UNKNOWN,NO_POSSESSION,,,False,False,False,False,False,,,,,
155,446.1766666666667,273.02666666666664,True,MID_CENTER,,,,,,UNKNOWN,NO_POSSESSION,,,False,False,False,False,False,,,,,
156,448.0233333333333,276.2133333333333,True,MID_CENTER,,,,,,UNKNOWN,NO_POSSESSION,,,False,False,False,False,False,,,,,
157,449.87,279.4,True,MID_CENTER,,,,,,UNKNOWN,NO_POSSESSION,,,False,False,False,False,False,,,,,
158,451.04,282.42,True,MID_RIGHT,,,,,,UNKNOWN,NO_POSSESSION,,,False,False,False,False,False,,,,,
159,452.06,286.5,True,MID_RIGHT,,,,,,UNKNOWN,NO_POSSESSION,,,False,False,False,False,False,,,,,
160,452.79,291.53,True,MID_RIGHT,,,,,,UNKNOWN,NO_POSSESSION,,,False,False,False,False,False,,,,,
161,454.35,296.01,True,MID_RIGHT,,,,,,UNKNOWN,NO_POSSESSION,,,False,False,False,False,False,,,,,
162,456.52,302.48,True,MID_RIGHT,,,,,,UNKNOWN,NO_POSSESSION,,,False,False,False,False,False,,,,,
163,458.14,310.5,True,MID_RIGHT,,,,,,UNKNOWN,NO_POSSESSION,,,False,False,False,False,False,,,,,
164,460.75,315.38,True,MID_RIGHT,,,,,,UNKNOWN,NO_POSSESSION,,,False,False,False,False,False,,,,,
165,461.28,325.51,True,MID_RIGHT,,,,,,UNKNOWN,NO_POSSESSION,,,False,False,False,False,False,,,,,
166,463.47,332.54,True,MID_RIGHT,,,,,,UNKNOWN,NO_POSSESSION,,,False,False,False,False,False,,,,,
167,464.455,341.70500000000004,True,MID_RIGHT,,,,,,UNKNOWN,NO_POSSESSION,,,False,False,False,False,False,,,,,
168,465.44,350.87,True,MID_RIGHT,,,,,,UNKNOWN,NO_POSSESSION,,,False,False,False,False,False,,,,,
169,467.85,343.77,True,MID_RIGHT,,,,,,UNKNOWN,NO_POSSESSION,,,False,False,False,False,False,,,,,
170,467.91,337.47,True,MID_RIGHT,,,,,,UNKNOWN,NO_POSSESSION,,,False,False,False,False,False,,,,,
171,467.73,333.27,True,MID_RIGHT,,,,,,UNKNOWN,NO_POSSESSION,,,False,False,False,False,False,,,,,
172,470.15,327.49,True,MID_RIGHT,,,,,,UNKNOWN,NO_POSSESSION,,,False,False,False,False,False,,,,,
173,471.634,324.122,True,MID_RIGHT,,,,,,UNKNOWN,NO_POSSESSION,,,False,False,False,False,False,,,,,
174,473.118,320.754,True,MID_RIGHT,,,,,,UNKNOWN,NO_POSSESSION,,,False,False,False,False,False,,,,,
175,474.602,317.38599999999997,True,MID_RIGHT,,,,,,UNKNOWN,NO_POSSESSION,,,False,False,False,False,False,,,,,
176,476.086,314.018,True,MID_RIGHT,,,,,,UNKNOWN,NO_POSSESSION,,,False,False,False,False,False,,,,,
177,477.57,310.65,True,MID_RIGHT,,,,,,UNKNOWN,NO_POSSESSION,,,False,False,False,False,False,,,,,
178,476.33,311.41,True,MID_RIGHT,,,,,,UNKNOWN,NO_POSSESSION,,,False,False,False,False,False,,,,,
179,477.78,312.03,True,MID_RIGHT,,,,,,UNKNOWN,NO_POSSESSION,,,False,False,False,False,False,,,,,
180,479.33666666666664,311.2133333333333,True,MID_RIGHT,,,,,,UNKNOWN,NO_POSSESSION,,,False,False,False,False,False,,,,,
181,480.8933333333333,310.39666666666665,True,MID_RIGHT,,,,,,UNKNOWN,NO_POSSESSION,,,False,False,False,False,False,,,,,
182,482.45,309.58,True,MID_RIGHT,,,,,,UNKNOWN,NO_POSSESSION,,,False,False,False,False,False,,,,,
183,483.21,311.99,True,MID_RIGHT,,,,,,UNKNOWN,NO_POSSESSION,,,False,False,False,False,False,,,,,
184,484.18,312.68,True,MID_RIGHT,,,,,,UNKNOWN,NO_POSSESSION,,,False,False,False,False,False,,,,,
185,484.695,313.63,True,MID_RIGHT,,,,,,UNKNOWN,NO_POSSESSION,,,False,False,False,False,False,,,,,
186,485.21,314.58,True,MID_RIGHT,,,,,,UNKNOWN,NO_POSSESSION,,,False,False,False,False,False,,,,,
187,404.92,331.1,True,MID_CENTER,,,,,,UNKNOWN,NO_POSSESSION,,,False,False,False,False,False,,,,,
188,408.2418181818182,329.4206060606061,True,MID_CENTER,,,,,,UNKNOWN,NO_POSSESSION,,,False,False,False,False,False,,,,,
189,411.5636363636363,327.74121212121213,True,MID_CENTER,,,,,,UNKNOWN,NO_POSSESSION,,,False,False,False,False,False,,,,,
190,414.88545454545454,326.0618181818182,True,MID_CENTER,,,,,,UNKNOWN,NO_POSSESSION,,,False,False,False,False,False,,,,,
191,418.2072727272728,324.38242424242424,True,MID_CENTER,,,,,,UNKNOWN,NO_POSSESSION,,,False,False,False,False,False,,,,,
192,421.52909090909094,322.70303030303035,True,MID_CENTER,,,,,,UNKNOWN,NO_POSSESSION,,,False,False,False,False,False,,,,,
193,424.8509090909091,321.0236363636364,True,MID_CENTER,,,,,,UNKNOWN,NO_POSSESSION,,,False,False,False,False,False,,,,,
194,428.1727272727273,319.34424242424245,True,MID_CENTER,,,,,,UNKNOWN,NO_POSSESSION,,,False,False,False,False,False,,,,,
195,431.49454545454546,317.6648484848485,True,MID_CENTER,,,,,,UNKNOWN,NO_POSSESSION,,,False,False,False,False,False,,,,,
196,,,False,UNKNOWN,,,,,,UNKNOWN,NO_POSSESSION,,,False,False,False,False,False,,,,,
197,,,False,UNKNOWN,,,,,,UNKNOWN,NO_POSSESSION,,,False,False,False,False,False,,,,,
198,,,False,UNKNOWN,,,,,,UNKNOWN,NO_POSSESSION,,,False,False,False,False,False,,,,,
199,,,False,UNKNOWN,,,,,,UNKNOWN,NO_POSSESSION,,,False,False,False,False,False,,,,,
200,,,False,UNKNOWN,,,,,,UNKNOWN,NO_POSSESSION,,,False,False,False,False,False,,,,,
201,,,False,UNKNOWN,,,,,,UNKNOWN,NO_POSSESSION,,,False,False,False,False,False,,,,,
202,,,False,UNKNOWN,,,,,,UNKNOWN,NO_POSSESSION,,,False,False,False,False,False,,,,,
203,,,False,UNKNOWN,,,,,,UNKNOWN,NO_POSSESSION,,,False,False,False,False,False,,,,,
204,,,False,UNKNOWN,,,,,,UNKNOWN,NO_POSSESSION,,,False,False,False,False,False,,,,,
205,,,False,UNKNOWN,,,,,,UNKNOWN,NO_POSSESSION,,,False,False,False,False,False,,,,,
206,,,False,UNKNOWN,,,,,,UNKNOWN,NO_POSSESSION,,,False,False,False,False,False,,,,,
207,,,False,UNKNOWN,,,,,,UNKNOWN,NO_POSSESSION,,,False,False,False,False,False,,,,,
208,,,False,UNKNOWN,,,,,,UNKNOWN,NO_POSSESSION,,,False,False,False,False,False,,,,,
209,,,False,UNKNOWN,,,,,,UNKNOWN,NO_POSSESSION,,,False,False,False,False,False,,,,,
210,,,False,UNKNOWN,,,,,,UNKNOWN,NO_POSSESSION,,,False,False,False,False,False,,,,,
211,,,False,UNKNOWN,,,,,,UNKNOWN,NO_POSSESSION,,,False,False,False,False,False,,,,,
212,,,False,UNKNOWN,,,,,,UNKNOWN,NO_POSSESSION,,,False,False,False,False,False,,,,,
213,,,False,UNKNOWN,,,,,,UNKNOWN,NO_POSSESSION,,,False,False,False,False,False,,,,,
214,,,False,UNKNOWN,,,,,,UNKNOWN,NO_POSSESSION,,,False,False,False,False,False,,,,,
215,,,False,UNKNOWN,,,,,,UNKNOWN,NO_POSSESSION,,,False,False,False,False,False,,,,,
216,,,False,UNKNOWN,,,,,,UNKNOWN,NO_POSSESSION,,,False,False,False,False,False,,,,,
217,,,False,UNKNOWN,,,,,,UNKNOWN,NO_POSSESSION,,,False,False,False,False,False,,,,,
218,,,False,UNKNOWN,,,,,,UNKNOWN,NO_POSSESSION,,,False,False,False,False,False,,,,,
219,,,False,UNKNOWN,,,,,,UNKNOWN,NO_POSSESSION,,,False,False,False,False,False,,,,,
220,514.54,275.68,True,MID_RIGHT,,,,,,UNKNOWN,NO_POSSESSION,,,False,False,False,False,False,,,,,
221,510.07,267.64,True,MID_RIGHT,,,,,,UNKNOWN,NO_POSSESSION,,,False,False,False,False,False,,,,,
222,503.4,262.09,True,MID_RIGHT,,,,,,UNKNOWN,NO_POSSESSION,,,False,False,False,False,False,,,,,
223,494.48,258.63,True,MID_RIGHT,,,,,,UNKNOWN,NO_POSSESSION,,,False,False,False,False,False,,,,,
224,488.5,254.87,True,MID_RIGHT,,,,,,UNKNOWN,NO_POSSESSION,,,False,False,False,False,False,,,,,
225,482.09,251.65,True,MID_RIGHT,,,,,,UNKNOWN,NO_POSSESSION,,,False,False,False,False,False,,,,,
226,475.59,248.54,True,MID_RIGHT,,,,,,UNKNOWN,NO_POSSESSION,,,False,False,False,False,False,,,,,
227,466.91,245.6,True,MID_RIGHT,,,,,,UNKNOWN,NO_POSSESSION,,,False,False,False,False,False,,,,,
228,461.35,243.09,True,MID_RIGHT,,,,,,UNKNOWN,NO_POSSESSION,,,False,False,False,False,False,,,,,
229,455.79,242.8,True,MID_RIGHT,,,,,,UNKNOWN,NO_POSSESSION,,,False,False,False,False,False,,,,,
